{"$schema":"http://schema.management.azure.com/schemas/2015-01-01/deploymentTemplate.json#","contentVersion":"1.0.0.0","parameters":{"FabricDataPipelines kbhardwaj":{"type":"string"},"WH_Gold":{"type":"string"}},"variables":{},"resources":[{"name":"Main_netflix_pipeline","type":"pipelines","apiVersion":"2018-06-01","properties":{"activities":[{"name":"Child_pipeline_invoke","type":"InvokePipeline","dependsOn":[],"policy":{"timeout":"0.12:00:00","retry":0,"retryIntervalInSeconds":30,"secureOutput":false,"secureInput":false},"typeProperties":{"waitOnCompletion":true,"operationType":"InvokeFabricPipeline","pipelineId":"5dccfffe-b373-4ba2-a3ff-919b2d099639","workspaceId":"192ca7c2-15d4-4195-9107-279b53142442","parameters":{}},"externalReferences":{"connection":"[parameters('FabricDataPipelines kbhardwaj')]"}},{"name":"Load Lakehouse to WH netflix","type":"Script","dependsOn":[{"activity":"Child_pipeline_invoke","dependencyConditions":["Succeeded"]}],"policy":{"timeout":"0.12:00:00","retry":0,"retryIntervalInSeconds":30,"secureOutput":false,"secureInput":false},"connectionSettings":{"name":"WH_Gold","properties":{"annotations":[],"type":"DataWarehouse","typeProperties":{"endpoint":"gmgzmydzfwie5d573kvxohafje-yktsygoucwkudeihe6nvgfbeii.datawarehouse.fabric.microsoft.com","artifactId":"[parameters('WH_Gold')]","workspaceId":"192ca7c2-15d4-4195-9107-279b53142442"},"externalReferences":{"connection":"f8ca834e-ab72-4399-8079-62cbc84fa638"}}},"typeProperties":{"scripts":[{"type":"Query","text":{"value":"MERGE INTO WH_Gold.dbo.wh_netflix_titles AS tgt\r\nUSING (\r\n    SELECT\r\n        show_id,\r\n        LEFT(type, 50) AS type,\r\n        LEFT(title, 500) AS title,\r\n        LEFT(director, 500) AS director,\r\n        cast,\r\n        LEFT(country, 500) AS country,\r\n        TRY_CAST(date_added AS DATE) AS date_added,\r\n        TRY_CAST(release_year AS SMALLINT) AS release_year,\r\n        LEFT(rating, 20) AS rating,\r\n        LEFT(duration, 50) AS duration,\r\n        LEFT(listed_in, 200) AS listed_in,\r\n        description\r\n    FROM LH_Raw.dbo.netflix_series_description\r\n) AS src\r\nON tgt.show_id = src.show_id\r\n\r\nWHEN MATCHED THEN \r\n    UPDATE SET\r\n        tgt.type = src.type,\r\n        tgt.title = src.title,\r\n        tgt.director = src.director,\r\n        tgt.cast = src.cast,\r\n        tgt.country = src.country,\r\n        tgt.date_added = src.date_added,\r\n        tgt.release_year = src.release_year,\r\n        tgt.rating = src.rating,\r\n        tgt.duration = src.duration,\r\n        tgt.listed_in = src.listed_in,\r\n        tgt.description = src.description,\r\n        tgt.load_timestamp = CURRENT_TIMESTAMP\r\n\r\nWHEN NOT MATCHED THEN \r\n    INSERT (\r\n        show_id,\r\n        type,\r\n        title,\r\n        director,\r\n        cast,\r\n        country,\r\n        date_added,\r\n        release_year,\r\n        rating,\r\n        duration,\r\n        listed_in,\r\n        description,\r\n        load_timestamp\r\n    )\r\n    VALUES (\r\n        src.show_id,\r\n        src.type,\r\n        src.title,\r\n        src.director,\r\n        src.cast,\r\n        src.country,\r\n        src.date_added,\r\n        src.release_year,\r\n        src.rating,\r\n        src.duration,\r\n        src.listed_in,\r\n        src.description,\r\n        CURRENT_TIMESTAMP\r\n    );\r\n","type":"Expression"}}],"scriptBlockExecutionTimeout":"02:00:00"}}],"lastModifiedByObjectId":"fef63b26-417c-4b86-b71f-6344d65343a7","lastPublishTime":"2025-11-15T17:02:12Z"},"dependsOn":[]}]}