{"$schema":"http://schema.management.azure.com/schemas/2015-01-01/deploymentTemplate.json#","contentVersion":"1.0.0.0","parameters":{},"variables":{},"resources":[{"name":"Child_PL_Files_to_tbl","type":"pipelines","apiVersion":"2018-06-01","properties":{"activities":[{"name":"Noteboook_Load_file_to_Tbl","type":"TridentNotebook","dependsOn":[],"policy":{"timeout":"0.12:00:00","retry":0,"retryIntervalInSeconds":30,"secureOutput":false,"secureInput":false},"typeProperties":{"notebookId":"ade18f63-f61e-44cf-9a37-99c8c40ed01a","workspaceId":"192ca7c2-15d4-4195-9107-279b53142442"}}],"lastModifiedByObjectId":"fef63b26-417c-4b86-b71f-6344d65343a7","lastPublishTime":"2025-11-15T16:50:18Z"},"dependsOn":[]}]}